target_risk_alpha,prespecified_claims_H,familywise_delta,per_claim_delta,zero_failure_audits_per_claim,upper_bound_at_n,upper_bound_at_n_minus_1
0.01,1,0.05,0.05,299,0.00996914679289927,0.010002432437677695
0.01,20,0.05,0.0025,597,0.009985761877752321,0.010002432437677695
0.01,100,0.05,0.0005,757,0.009990581509038537,0.010003730242644365
0.001,1,0.05,0.05,2995,0.0009997444209011422,0.00100007816984667
0.001,20,0.05,0.0025,5989,0.0009999112675243484,0.00100007816984667
0.001,100,0.05,0.0005,7598,0.0009998817878384154,0.001000013337354481
0.0001,1,0.05,0.05,29956,9.999941531978724e-05,0.000100002753474187
0.0001,20,0.05,0.0025,59912,9.999941531978724e-05,0.00010000108436912924
0.0001,100,0.05,0.0005,76006,9.99989791853852e-05,0.00010000029480908175
